planned_start_time,actual_start_time,gtfs_ride_id
,2026-08-22T21:31:00+00:00,
,2026-08-23T03:30:00+00:00,
,2026-08-23T04:30:00+00:00,
,2026-08-23T05:30:00+00:00,
,2026-08-23T06:30:00+00:00,
,2026-08-23T07:30:00+00:00,
,2026-08-23T08:30:00+00:00,
,2026-08-23T09:30:00+00:00,
,2026-08-23T10:30:00+00:00,
,2026-08-23T11:00:00+00:00,
,2026-08-23T11:30:00+00:00,
,2026-08-23T12:25:00+00:00,
,2026-08-23T12:29:00+00:00,
,2026-08-23T13:20:00+00:00,
,2026-08-23T14:15:00+00:00,
,2026-08-23T15:10:00+00:00,
,2026-08-23T16:05:00+00:00,
,2026-08-23T17:00:00+00:00,
,2026-08-23T17:55:00+00:00,
,2026-08-23T18:55:00+00:00,
