cluster,operator_ref,route_short_name,route_mkt,route_direction,route_alternative
שרון חולון מרחבי,15,605,10605,1,#
שרון חולון מרחבי,15,601,10601,2,1
שרון חולון מרחבי,15,605,10605,2,#
שרון חולון מרחבי,15,142,13142,2,#
שרון חולון מרחבי,15,213,15213,2,#
שרון חולון מרחבי,15,222,27222,2,#
שרון חולון מרחבי,15,616,10616,2,1
שרון חולון מרחבי,15,505,11505,2,#
שרון חולון מרחבי,15,24,16024,1,1
שרון חולון מרחבי,15,561,10561,1,#
שרון חולון מרחבי,15,8,73008,2,#
שרון חולון מרחבי,15,24,16024,2,#
שרון חולון מרחבי,15,23,27023,2,#
שרון חולון מרחבי,15,532,10532,2,#
שרון חולון מרחבי,15,532,10532,2,1
שרון חולון מרחבי,15,607,10607,1,#
שרון חולון מרחבי,15,624,10624,1,#
שרון חולון מרחבי,15,699,11699,2,#
שרון חולון מרחבי,15,524,10524,1,#
שרון חולון מרחבי,15,501,11501,1,5
שרון חולון מרחבי,15,532,10532,1,#
שרון חולון מרחבי,15,551,10551,2,1
שרון חולון מרחבי,15,575,10575,1,#
שרון חולון מרחבי,15,13,27013,1,1
שרון חולון מרחבי,15,604,10604,1,#
שרון חולון מרחבי,15,606,10606,1,1
שרון חולון מרחבי,15,617,10617,2,#
שרון חולון מרחבי,15,609,11609,2,#
שרון חולון מרחבי,15,504,10504,2,#
שרון חולון מרחבי,15,623,10623,2,#
שרון חולון מרחבי,15,621,10621,2,#
שרון חולון מרחבי,15,12,23012,1,1
שרון חולון מרחבי,15,624,10624,2,#
שרון חולון מרחבי,15,531,10531,1,#
שרון חולון מרחבי,15,572,10572,1,#
שרון חולון מרחבי,15,501,11501,1,#
שרון חולון מרחבי,15,561,10561,2,#
שרון חולון מרחבי,15,8,73008,1,#
שרון חולון מרחבי,15,601,10601,1,#
שרון חולון מרחבי,15,13,27013,1,#
שרון חולון מרחבי,15,113,17113,1,#
שרון חולון מרחבי,15,13,27013,2,1
שרון חולון מרחבי,15,505,11505,1,#
שרון חולון מרחבי,15,551,10551,1,1
שרון חולון מרחבי,15,570,10570,1,#
שרון חולון מרחבי,15,619,12619,1,#
שרון חולון מרחבי,15,619,12619,2,#
שרון חולון מרחבי,15,608,13608,2,#
שרון חולון מרחבי,15,699,11699,1,#
שרון חולון מרחבי,15,24,16024,2,1
שרון חולון מרחבי,15,532,10532,1,1
שרון חולון מרחבי,15,113,17113,2,#
שרון חולון מרחבי,15,13,27013,2,#
שרון חולון מרחבי,15,564,10564,2,#
שרון חולון מרחבי,15,570,10570,2,#
שרון חולון מרחבי,15,504,10504,1,#
שרון חולון מרחבי,15,551,10551,2,#
שרון חולון מרחבי,15,605,10605,1,1
שרון חולון מרחבי,15,606,10606,1,#
שרון חולון מרחבי,15,609,11609,1,#
שרון חולון מרחבי,15,608,13608,2,1
שרון חולון מרחבי,15,145,12145,1,1
שרון חולון מרחבי,15,576,10576,1,#
שרון חולון מרחבי,15,650,10650,1,#
שרון חולון מרחבי,15,6,22006,1,1
שרון חולון מרחבי,15,26,14026,2,#
שרון חולון מרחבי,15,126,11126,2,#
בקעת אונו אלעד,15,436,11436,2,0
בקעת אונו אלעד,15,8,37008,2,0
בקעת אונו אלעד,15,115,16115,2,0
בקעת אונו אלעד,15,1,70001,1,0
בקעת אונו אלעד,15,1,70001,2,1
שרון חולון מרחבי,15,623,10623,1,#
שרון חולון מרחבי,15,298,14298,1,#
שרון חולון מרחבי,15,551,10551,1,#
שרון חולון מרחבי,15,564,10564,1,#
שרון חולון מרחבי,15,606,10606,2,#
שרון חולון מרחבי,15,610,10610,2,#
שרון חולון מרחבי,15,608,13608,1,#
שרון חולון מרחבי,15,608,13608,1,1
שרון חולון מרחבי,15,567,10567,1,1
שרון חולון מרחבי,15,604,10604,2,#
שרון חולון מרחבי,15,650,10650,2,#
שרון חולון מרחבי,15,37,27037,2,#
שרון חולון מרחבי,15,124,14124,1,#
שרון חולון מרחבי,15,124,14124,2,#
שרון חולון מרחבי,15,126,11126,1,#
שרון חולון מרחבי,15,13,36013,1,#
שרון חולון מרחבי,15,24,16024,1,#
שרון חולון מרחבי,15,524,10524,2,#
שרון חולון מרחבי,15,572,10572,2,#
שרון חולון מרחבי,15,531,10531,2,#
שרון חולון מרחבי,15,21,59021,2,#
שרון חולון מרחבי,15,602,10602,1,#
שרון חולון מרחבי,15,570,10570,1,1
שרון חולון מרחבי,15,603,13603,1,#
שרון חולון מרחבי,15,145,12145,1,#
שרון חולון מרחבי,15,145,12145,2,#
שרון חולון מרחבי,15,611,13611,2,#
שרון חולון מרחבי,15,611,13611,1,#
שרון חולון מרחבי,15,553,10553,2,#
שרון חולון מרחבי,15,4,63004,2,#
שרון חולון מרחבי,15,3,82003,1,#
שרון חולון מרחבי,15,6,22006,2,#
בקעת אונו אלעד,15,205,19205,2,0
בקעת אונו אלעד,15,55,28055,1,0
בקעת אונו אלעד,15,56,23056,2,3
בקעת אונו אלעד,15,138,10138,1,2
בקעת אונו אלעד,15,138,10138,2,0
בקעת אונו אלעד,15,58,20058,1,0
בקעת אונו אלעד,15,596,10596,2,0
בקעת אונו אלעד,15,251,11251,2,0
שרון חולון מרחבי,15,37,27037,2,1
שרון חולון מרחבי,15,1,27001,1,#
שרון חולון מרחבי,15,3,82003,2,#
שרון חולון מרחבי,15,12,23012,2,#
שרון חולון מרחבי,15,77,36077,1,#
שרון חולון מרחבי,15,13,36013,2,#
בקעת אונו אלעד,15,168,11168,1,0
בקעת אונו אלעד,15,75,31075,1,0
שרון חולון מרחבי,15,612,10612,1,#
שרון חולון מרחבי,15,613,10613,1,#
שרון חולון מרחבי,15,525,10525,1,#
שרון חולון מרחבי,15,501,11501,2,#
שרון חולון מרחבי,15,21,59021,1,#
שרון חולון מרחבי,15,567,10567,2,#
שרון חולון מרחבי,15,575,10575,2,#
שרון חולון מרחבי,15,213,15213,1,#
שרון חולון מרחבי,15,613,10613,2,#
שרון חולון מרחבי,15,525,10525,2,#
שרון חולון מרחבי,15,600,10600,1,#
שרון חולון מרחבי,15,600,10600,2,#
שרון חולון מרחבי,15,468,12468,2,#
שרון חולון מרחבי,15,23,27023,1,#
שרון חולון מרחבי,15,567,10567,1,2
שרון חולון מרחבי,15,615,10615,2,#
שרון חולון מרחבי,15,614,10614,1,#
שרון חולון מרחבי,15,621,10621,1,#
שרון חולון מרחבי,15,468,12468,1,#
שרון חולון מרחבי,15,37,27037,1,#
שרון חולון מרחבי,15,37,27037,1,1
שרון חולון מרחבי,15,123,12123,1,#
שרון חולון מרחבי,15,123,12123,2,#
שרון חולון מרחבי,15,140,12140,1,#
בקעת אונו אלעד,15,11,71011,2,0
בקעת אונו אלעד,15,270,12270,2,0
בקעת אונו אלעד,15,78,17078,2,0
בקעת אונו אלעד,15,28,40028,1,0
בקעת אונו אלעד,15,3,92003,2,0
בקעת אונו אלעד,15,68,14068,1,0
בקעת אונו אלעד,15,256,14256,1,0
בקעת אונו אלעד,15,168,11168,1,1
שרון חולון מרחבי,15,22,46022,3,#
בקעת אונו אלעד,15,436,11436,1,0
בקעת אונו אלעד,15,77,33077,1,0
בקעת אונו אלעד,15,236,10236,1,0
בקעת אונו אלעד,15,205,19205,1,0
בקעת אונו אלעד,15,78,17078,1,4
בקעת אונו אלעד,15,37,21037,2,0
בקעת אונו אלעד,15,55,28055,2,0
שרון חולון מרחבי,15,6,22006,1,#
שרון חולון מרחבי,15,6,22006,2,1
שרון חולון מרחבי,15,26,14026,1,#
שרון חולון מרחבי,15,35,36035,2,#
שרון חולון מרחבי,15,77,36077,2,#
בקעת אונו אלעד,15,595,10595,2,0
בקעת אונו אלעד,15,377,11377,2,0
בקעת אונו אלעד,15,555,11555,1,0
בקעת אונו אלעד,15,2,58002,3,0
בקעת אונו אלעד,15,139,13139,2,0
בקעת אונו אלעד,15,7,22007,1,0
בקעת אונו אלעד,15,7,22007,2,0
בקעת אונו אלעד,15,37,21037,1,0
בקעת אונו אלעד,15,138,10138,2,2
בקעת אונו אלעד,15,138,10138,1,0
בקעת אונו אלעד,15,55,28055,1,1
בקעת אונו אלעד,15,444,14444,1,0
בקעת אונו אלעד,15,974,10974,1,0
בקעת אונו אלעד,15,280,11280,2,0
בקעת אונו אלעד,15,281,12281,1,1
בקעת אונו אלעד,15,945,12945,1,0
בקעת אונו אלעד,15,597,14597,1,0
בקעת אונו אלעד,15,380,19380,1,0
בקעת אונו אלעד,15,380,19380,2,0
בקעת אונו אלעד,15,58,20058,2,0
בקעת אונו אלעד,15,5,69005,2,1
בקעת אונו אלעד,15,285,16285,1,0
בקעת אונו אלעד,15,277,10277,1,1
בקעת אונו אלעד,15,277,10277,2,1
בקעת אונו אלעד,15,595,10595,1,0
בקעת אונו אלעד,15,377,11377,2,1
בקעת אונו אלעד,15,599,11599,2,0
בקעת אונו אלעד,15,179,11179,1,0
שרון,15,249,11249,2,#
שרון,15,29,19029,1,#
שרון,15,10,26010,1,#
שרון,15,34,35034,1,#
שרון,15,9,64009,2,#
שרון,15,4,42004,3,2
שרון,15,259,10259,2,#
בקעת אונו אלעד,15,69,15069,2,0
בקעת אונו אלעד,15,78,17078,1,0
בקעת אונו אלעד,15,76,23076,1,0
בקעת אונו אלעד,15,15,34015,2,0
בקעת אונו אלעד,15,8,37008,1,0
בקעת אונו אלעד,15,3,92003,1,0
בקעת אונו אלעד,15,256,14256,2,0
בקעת אונו אלעד,15,59,21059,2,0
שרון,15,259,10259,1,#
הנגב,15,570,11570,2,#
הנגב,15,67,16067,2,#
הנגב,15,262,12262,1,#
הנגב,15,457,14457,1,#
הנגב,15,150,20150,1,#
הנגב,15,47,23047,2,#
הנגב,15,11,44011,1,#
בקעת אונו אלעד,15,477,12477,1,0
בקעת אונו אלעד,15,477,12477,2,0
בקעת אונו אלעד,15,5,69005,1,0
בקעת אונו אלעד,15,377,11377,1,0
בקעת אונו אלעד,15,283,11283,2,0
בקעת אונו אלעד,15,85,37085,1,4
בקעת אונו אלעד,15,179,11179,2,0
שרון,15,228,10228,2,#
שרון חולון מרחבי,15,553,10553,1,#
שרון חולון מרחבי,15,1,27001,2,#
שרון חולון מרחבי,15,12,23012,2,1
שרון חולון מרחבי,15,178,12178,1,#
שרון חולון מרחבי,15,178,12178,2,#
בקעת אונו אלעד,15,28,40028,2,0
בקעת אונו אלעד,15,168,11168,2,1
בקעת אונו אלעד,15,78,17078,2,4
הנגב,15,370,11370,2,#
הנגב,15,400,22400,2,1
הנגב,15,59,16059,1,#
הנגב,15,581,11581,2,#
הנגב,15,24,19024,2,1
הנגב,15,345,10345,2,#
הנגב,15,5,83005,1,1
הנגב,15,65,18065,1,#
שרון,15,230,11230,2,#
שרון,15,231,11231,1,#
שרון,15,48,20048,2,#
שרון,15,19,21019,2,#
שרון,15,17,24017,2,#
שרון,15,5,33005,1,#
שרון,15,31,33031,2,#
שרון,15,3,43003,3,#
בקעת אונו אלעד,15,77,33077,2,0
בקעת אונו אלעד,15,283,11283,1,0
בקעת אונו אלעד,15,577,11577,2,0
בקעת אונו אלעד,15,444,14444,2,0
בקעת אונו אלעד,15,285,16285,2,0
בקעת אונו אלעד,15,251,11251,1,1
בקעת אונו אלעד,15,283,11283,2,1
בקעת אונו אלעד,15,577,11577,1,1
הנגב,15,370,11370,1,#
הנגב,15,121,19121,2,#
הנגב,15,369,10369,2,#
הנגב,15,369,10369,2,3
הנגב,15,26,20026,2,#
הנגב,15,687,10687,1,#
הנגב,15,689,10689,1,#
הנגב,15,689,10689,2,#
בקעת אונו אלעד,15,945,12945,2,0
בקעת אונו אלעד,15,445,13445,2,0
בקעת אונו אלעד,15,174,15174,1,0
בקעת אונו אלעד,15,174,15174,2,0
בקעת אונו אלעד,15,4,24004,1,0
בקעת אונו אלעד,15,5,69005,2,0
בקעת אונו אלעד,15,577,11577,1,0
בקעת אונו אלעד,15,385,16385,2,0
הנגב,15,371,13371,1,#
הנגב,15,342,15342,1,#
שרון,15,1,57001,1,#
שרון,15,1,57001,2,#
שרון,15,1,60001,2,1
שרון,15,13,40013,2,#
שרון,15,31,33031,1,#
שרון,15,3,42003,1,#
שרון,15,11,35011,2,#
שרון,15,14,52014,1,1
בקעת אונו אלעד,15,280,11280,1,7
בקעת אונו אלעד,15,446,12446,2,0
בקעת אונו אלעד,15,279,19279,1,0
שרון,15,249,11249,1,#
שרון,15,9,50009,1,#
שרון,15,112,16112,2,#
שרון,15,42,26042,1,#
שרון,15,1,60001,3,2
בקעת אונו אלעד,15,251,11251,2,1
בקעת אונו אלעד,15,280,11280,1,0
בקעת אונו אלעד,15,280,11280,2,7
בקעת אונו אלעד,15,283,11283,1,1
בקעת אונו אלעד,15,379,11379,1,0
בקעת אונו אלעד,15,445,13445,1,0
בקעת אונו אלעד,15,277,10277,2,0
בקעת אונו אלעד,15,379,11379,2,0
בקעת אונו אלעד,15,1,70001,1,1
בקעת אונו אלעד,15,1,70001,2,0
בקעת אונו אלעד,15,18,23018,2,0
בקעת אונו אלעד,15,115,16115,1,0
בקעת אונו אלעד,15,59,21059,1,0
בקעת אונו אלעד,15,55,28055,1,3
בקעת אונו אלעד,15,56,23056,1,0
בקעת אונו אלעד,15,55,28055,2,6
שרון,15,14,52014,2,1
שרון,15,149,12149,2,#
שרון,15,67,20067,1,#
שרון,15,18,25018,2,#
הנגב,15,357,10357,2,#
הנגב,15,386,12386,1,#
הנגב,15,65,18065,2,1
הנגב,15,322,18322,1,#
שרון,15,47,19047,2,#
שרון,15,19,21019,1,#
שרון,15,5,77005,1,#
שרון,15,27,18027,2,#
שרון,15,34,35034,2,#
שרון,15,13,40013,1,#
שרון,15,17,45017,2,#
שרון,15,15,69015,1,#
שרון,15,30,33030,2,#
שרון,15,1,56001,3,#
שרון,15,21,27021,2,#
שרון,15,347,10347,2,#
שרון,15,149,12149,2,1
שרון,15,20,22020,3,#
שרון,15,18,25018,1,#
שרון,15,139,15139,2,#
שרון חולון מרחבי,15,601,10601,2,#
שרון חולון מרחבי,15,610,10610,1,#
שרון חולון מרחבי,15,614,10614,2,#
שרון חולון מרחבי,15,145,12145,2,1
שרון חולון מרחבי,15,576,10576,2,#
שרון חולון מרחבי,15,140,12140,2,#
שרון חולון מרחבי,15,35,36035,1,#
בקעת אונו אלעד,15,11,71011,1,0
שרון,15,33,31033,1,#
שרון,15,9,64009,1,#
שרון,15,148,17148,1,#
שרון,15,247,12247,2,#
שרון,15,139,15139,1,#
הנגב,15,669,11669,2,#
הנגב,15,377,10377,1,#
הנגב,15,126,13126,1,1
הנגב,15,120,12120,1,#
הנגב,15,469,12469,2,#
הנגב,15,137,15137,1,#
הנגב,15,37,17037,3,3
הנגב,15,28,22028,1,#
הנגב,15,150,20150,2,#
הנגב,15,359,10359,2,1
הנגב,15,459,12459,2,3
בקעת אונו אלעד,15,18,23018,1,0
בקעת אונו אלעד,15,10,42010,3,0
בקעת אונו אלעד,15,68,14068,2,0
בקעת אונו אלעד,15,56,23056,2,0
בקעת אונו אלעד,15,55,28055,2,3
בקעת אונו אלעד,15,251,11251,1,0
בקעת אונו אלעד,15,453,11453,1,0
בקעת אונו אלעד,15,278,10278,2,0
בקעת אונו אלעד,15,278,10278,1,0
בקעת אונו אלעד,15,597,14597,2,0
בקעת אונו אלעד,15,173,15173,1,0
בקעת אונו אלעד,15,453,11453,2,0
בקעת אונו אלעד,15,385,16385,1,0
בקעת אונו אלעד,15,85,37085,2,4
בקעת אונו אלעד,15,176,11176,1,0
בקעת אונו אלעד,15,276,10276,2,0
הנגב,15,2,48002,3,#
הנגב,15,345,10345,1,#
הנגב,15,388,10388,1,#
הנגב,15,400,22400,2,#
הנגב,15,55,24055,1,#
הנגב,15,80,39080,2,3
הנגב,15,74,31074,1,#
הנגב,15,74,31074,2,#
בקעת אונו אלעד,15,270,12270,1,0
בקעת אונו אלעד,15,555,11555,2,0
בקעת אונו אלעד,15,139,13139,1,0
בקעת אונו אלעד,15,168,11168,2,0
בקעת אונו אלעד,15,76,23076,2,0
בקעת אונו אלעד,15,137,10137,2,0
בקעת אונו אלעד,15,236,10236,2,0
בקעת אונו אלעד,15,56,23056,1,3
הנגב,15,142,19142,1,1
הנגב,15,142,19142,2,#
הנגב,15,140,20140,2,2
הנגב,15,377,10377,2,#
הנגב,15,126,13126,2,1
הנגב,15,64,22064,2,#
הנגב,15,140,20140,2,#
הנגב,15,387,12387,2,#
בקעת אונו אלעד,15,577,11577,2,1
בקעת אונו אלעד,15,281,12281,2,1
בקעת אונו אלעד,15,446,12446,1,0
בקעת אונו אלעד,15,85,37085,1,0
בקעת אונו אלעד,15,85,37085,2,0
בקעת אונו אלעד,15,279,19279,2,0
שרון,15,99,23099,2,1
שרון,15,231,11231,2,#
שרון,15,48,20048,1,#
שרון,15,65,27065,2,#
שרון,15,17,24017,1,1
שרון,15,17,24017,2,1
שרון,15,2,46002,1,#
שרון,15,39,16039,1,#
שרון,15,39,16039,2,#
שרון,15,8,28008,2,#
שרון,15,98,23098,2,#
שרון,15,228,10228,1,#
שרון,15,91,40091,2,#
שרון,15,112,16112,1,#
שרון,15,5,33005,2,#
שרון,15,32,20032,1,#
שרון,15,32,20032,1,1
שרון,15,32,20032,2,#
הנגב,15,50,19050,2,1
הנגב,15,121,19121,1,#
הנגב,15,28,22028,1,1
הנגב,15,342,15342,2,#
הנגב,15,588,10588,2,#
הנגב,15,352,10352,1,1
הנגב,15,458,10458,1,#
הנגב,15,45,21045,1,#
הנגב,15,160,14160,2,#
הנגב,15,59,16059,2,#
הנגב,15,44,19044,1,#
הנגב,15,70,24070,1,#
הנגב,15,67,16067,1,#
הנגב,15,353,10353,2,2
הנגב,15,371,13371,2,#
הנגב,15,1,61001,2,#
הנגב,15,80,39080,2,5
הנגב,15,142,19142,1,#
הנגב,15,12,43012,1,#
הנגב,15,12,43012,2,#
הנגב,15,5,83005,1,#
הנגב,15,65,18065,1,1
הנגב,15,36,26036,1,#
הנגב,15,352,10352,1,2
הנגב,15,352,10352,2,#
הנגב,15,359,10359,1,#
הנגב,15,359,10359,2,#
הנגב,15,45,21045,2,#
הנגב,15,36,26036,1,1
הנגב,15,80,39080,1,#
הנגב,15,80,39080,2,4
הנגב,15,380,11380,1,#
הנגב,15,64,22064,1,4
הנגב,15,60,23060,2,1
הנגב,15,375,10375,1,#
הנגב,15,348,12348,1,#
הנגב,15,372,13372,1,#
הנגב,15,372,13372,2,#
הנגב,15,46,18046,3,#
בקעת אונו אלעד,15,590,10590,2,0
בקעת אונו אלעד,15,596,10596,1,0
בקעת אונו אלעד,15,974,10974,2,0
בקעת אונו אלעד,15,599,11599,1,0
בקעת אונו אלעד,15,173,15173,2,0
בקעת אונו אלעד,15,285,16285,1,1
בקעת אונו אלעד,15,285,16285,2,1
בקעת אונו אלעד,15,6,47006,1,0
שרון,15,17,45017,1,#
שרון,15,14,51014,1,#
שרון,15,14,51014,2,#
שרון,15,14,52014,1,#
שרון,15,12,56012,2,#
שרון,15,2,46002,3,#
שרון,15,349,12349,2,#
שרון,15,248,14248,1,#
בקעת אונו אלעד,15,6,47006,2,0
בקעת אונו אלעד,15,276,10276,1,0
שרון,15,230,11230,1,#
שרון,15,29,19029,2,#
שרון,15,47,19047,1,#
שרון,15,65,27065,1,#
שרון,15,17,24017,1,#
שרון,15,4,42004,2,1
שרון,15,1,60001,3,3
שרון,15,1,60001,3,4
שרון,15,27,18027,1,#
שרון,15,42,26042,2,#
שרון,15,12,56012,1,#
שרון,15,15,69015,2,#
שרון,15,90,25090,1,#
שרון,15,90,25090,2,#
הנגב,15,25,25025,1,#
הנגב,15,25,25025,2,#
הנגב,15,581,11581,1,#
הנגב,15,589,12589,2,#
הנגב,15,152,16152,2,#
הנגב,15,5,83005,2,1
הנגב,15,160,14160,1,#
הנגב,15,60,23060,1,#
שרון,15,118,11118,1,#
שרון,15,118,11118,2,#
הנגב,15,50,19050,2,#
הנגב,15,70,24070,2,#
הנגב,15,353,10353,1,#
הנגב,15,373,10373,1,#
הנגב,15,458,10458,2,#
הנגב,15,570,11570,1,#
שרון,15,10,26010,2,#
שרון,15,1,60001,3,5
שרון,15,33,31033,2,#
שרון,15,11,35011,1,#
שרון,15,30,33030,1,#
שרון,15,3,42003,2,#
שרון,15,4,42004,3,#
שרון,15,248,14248,2,#
הנגב,15,28,22028,2,#
הנגב,15,56,35056,1,#
הנגב,15,12,43012,3,#
הנגב,15,3,78003,1,#
הנגב,15,3,78003,2,#
הנגב,15,80,39080,2,1
הנגב,15,170,14170,1,#
הנגב,15,10,27010,2,#
הנגב,15,30,21030,2,#
הנגב,15,44,19044,2,#
הנגב,15,50,19050,1,#
הנגב,15,687,10687,2,#
הנגב,15,368,10368,1,#
הנגב,15,144,12144,1,#
הנגב,15,54,19054,3,#
הנגב,15,66,19066,2,#
הנגב,15,353,10353,1,2
הנגב,15,371,13371,1,1
הנגב,15,682,10682,1,#
הנגב,15,386,12386,2,#
הנגב,15,380,11380,2,#
הנגב,15,347,21347,1,#
הנגב,15,3,78003,2,2
הנגב,15,387,12387,1,#
הנגב,15,688,10688,1,#
הנגב,15,688,10688,2,1
הנגב,15,343,11343,2,#
שרון,15,22,43022,2,#
שרון,15,67,20067,2,#
הנגב,15,152,16152,1,#
הנגב,15,37,17037,1,#
הנגב,15,37,17037,3,#
הנגב,15,30,21030,1,#
הנגב,15,62,20062,1,#
הנגב,15,660,10660,1,#
הנגב,15,358,10358,1,#
הנגב,15,373,10373,2,#
הנגב,15,56,35056,2,#
הנגב,15,11,44011,2,#
הנגב,15,1,61001,1,#
הנגב,15,378,10378,1,#
הנגב,15,80,39080,1,2
הנגב,15,80,39080,1,5
הנגב,15,142,19142,2,1
שרון,15,149,12149,1,#
שרון,15,148,17148,2,#
שרון,15,22,43022,1,#
הנגב,15,669,11669,1,#
הנגב,15,68,15068,1,#
הנגב,15,68,15068,2,#
הנגב,15,140,20140,2,1
הנגב,15,20,24020,1,#
הנגב,15,140,20140,1,2
הנגב,15,660,10660,2,#
הנגב,15,367,11367,1,#
הנגב,15,3,78003,1,2
הנגב,15,36,26036,2,#
הנגב,15,684,10684,2,#
הנגב,15,688,10688,2,#
הנגב,15,343,11343,1,#
הנגב,15,684,10684,1,#
הנגב,15,559,10559,1,#
הנגב,15,65,18065,2,#
הנגב,15,64,22064,2,3
הנגב,15,477,11477,1,#
הנגב,15,477,11477,2,#
הנגב,15,47,23047,1,#
הנגב,15,400,22400,1,#
הנגב,15,80,39080,1,3
הנגב,15,80,39080,2,2
הנגב,15,142,19142,2,3
הנגב,15,140,20140,1,#
הנגב,15,5,83005,2,#
הנגב,15,60,23060,1,1
הנגב,15,262,12262,2,#
הנגב,15,64,22064,1,#
הנגב,15,64,22064,2,4
הנגב,15,60,23060,2,#
הנגב,15,368,10368,2,#
הנגב,15,369,10369,1,#
הנגב,15,369,10369,1,4
הנגב,15,375,10375,2,#
הנגב,15,469,12469,1,#
הנגב,15,144,12144,2,#
הנגב,15,457,14457,2,#
הנגב,15,20,24020,2,#
הנגב,15,120,12120,2,#
הנגב,15,24,19024,1,1
הנגב,15,28,22028,2,1
הנגב,15,66,19066,1,#
הנגב,15,682,10682,2,#
שרון חולון מרחבי,15,142,13142,1,#
שרון חולון מרחבי,15,298,14298,1,1
שרון חולון מרחבי,15,298,14298,2,#
שרון חולון מרחבי,15,222,27222,1,#
שרון חולון מרחבי,15,616,10616,2,#
שרון חולון מרחבי,15,617,10617,1,#
שרון חולון מרחבי,15,567,10567,1,#
שרון חולון מרחבי,15,616,10616,1,#
שרון חולון מרחבי,15,4,63004,1,#
שרון חולון מרחבי,15,12,23012,1,#
בקעת אונו אלעד,15,277,10277,1,0
בקעת אונו אלעד,15,69,15069,1,0
בקעת אונו אלעד,15,75,31075,2,0
בקעת אונו אלעד,15,15,34015,1,0
בקעת אונו אלעד,15,137,10137,1,0
בקעת אונו אלעד,15,7,22007,1,1
בקעת אונו אלעד,15,7,22007,2,1
בקעת אונו אלעד,15,36,20036,1,0
בקעת אונו אלעד,15,36,20036,2,0
בקעת אונו אלעד,15,377,11377,1,1
בקעת אונו אלעד,15,180,12180,2,0
בקעת אונו אלעד,15,281,12281,1,0
בקעת אונו אלעד,15,281,12281,2,0
בקעת אונו אלעד,15,4,24004,2,0
בקעת אונו אלעד,15,590,10590,1,0
בקעת אונו אלעד,15,180,12180,1,0
בקעת אונו אלעד,15,176,11176,2,0
שרון,15,97,28097,2,1
שרון,15,96,40096,2,1
שרון,15,91,40091,1,#
שרון,15,29,19029,1,3
שרון,15,29,19029,2,3
שרון,15,19,48019,2,#
שרון,15,1,60001,3,1
שרון,15,5,77005,2,#
שרון,15,8,28008,1,#
שרון,15,14,52014,2,#
שרון,15,21,27021,1,#
שרון,15,349,12349,1,#
שרון,15,247,12247,1,#
שרון,15,347,10347,1,#
שרון,15,147,13147,1,#
הנגב,15,26,20026,1,#
הנגב,15,10,27010,1,#
הנגב,15,387,12387,2,1
הנגב,15,352,10352,1,#
הנגב,15,358,10358,2,#
הנגב,15,559,10559,2,#
הנגב,15,459,12459,1,3
הנגב,15,357,10357,1,#
הנגב,15,378,10378,2,#
הנגב,15,80,39080,1,4
הנגב,15,80,39080,2,#
הנגב,15,55,24055,2,#
הנגב,15,55,24055,2,1
הנגב,15,588,10588,1,#
הנגב,15,117,14117,2,#
הנגב,15,170,14170,2,#
הנגב,15,137,15137,2,#
הנגב,15,388,10388,2,#
הנגב,15,589,12589,1,#
הנגב,15,62,20062,2,#
הנגב,15,369,10369,1,2
הנגב,15,369,10369,2,2
הנגב,15,367,11367,2,#
הנגב,15,348,12348,2,#
הנגב,15,347,21347,2,#
הנגב,15,36,26036,2,1
הנגב,15,688,10688,1,1
הנגב,15,353,10353,2,#
הנגב,15,322,18322,2,#
הנגב,15,117,14117,1,#
