route_mkt,route_short_name,cluster,branch,vehicle_type,line_uniqueness,od
11501,501,שרון חולון מרחבי,500,עירוני,סדיר,רעננה/תל אביב יפו
10524,524,שרון חולון מרחבי,500,עירוני,סדיר,רעננה/בני ברק
10525,525,שרון חולון מרחבי,500,עירוני,סדיר,רעננה/רמת גן
10531,531,שרון חולון מרחבי,500,עירוני,סדיר,רעננה/תל אביב יפו
10561,561,שרון חולון מרחבי,500,עירוני,סדיר,כפר סבא/פתח תקווה
10572,572,שרון חולון מרחבי,500,עירוני,סדיר,כפר סבא/תל אביב יפו
73008,8,שרון חולון מרחבי,500,עירוני,סדיר,רמת השרון/רמת השרון
59021,21,שרון חולון מרחבי,500,עירוני,סדיר,תל אביב יפו/רמת השרון
16024,24,שרון חולון מרחבי,500,עירוני,סדיר מאושר שבת,תל אביב יפו/רמת השרון
20048,48,שרון,500,עירוני,סדיר,רעננה/תל אביב יפו
52014,14,שרון,שרון עירוני,עירוני,סדיר,כפר סבא/כפר סבא
28055,55,בקעת אונו,חולון,מפרקי,סדיר מאושר שבת,תל אביב יפו/קרית אונו
12247,247,שרון,500,עירוני,סדיר מאושר שבת,כפר סבא/תל אביב יפו
11249,249,שרון,500,עירוני,סדיר,כפר סבא/תל אביב יפו
11909,909,שרון חולון מרחבי,500,עירוני,תלמידים,רמת השרון/רמת השרון
70001,1,בקעת אונו,אונו,עירוני,סדיר,אור יהודה/רמת גן
22007,7,בקעת אונו,חולון,עירוני,סדיר,תל אביב יפו/רמת גן
71011,11,בקעת אונו,אונו,עירוני,תלמידים,אור יהודה/אור יהודה
23018,18,בקעת אונו,חולון,עירוני,סדיר,רמת גן/אור יהודה
40028,28,בקעת אונו,אונו,עירוני,סדיר,תל אביב יפו/קרית אונו
21037,37,בקעת אונו,חולון,עירוני,סדיר מאושר שבת,תל אביב יפו/יהוד מונוסון
20058,58,בקעת אונו,אלעד,עירוני,סדיר,רמת גן/שוהם
21059,59,בקעת אונו,אונו,עירוני,סדיר,תל אביב יפו/אור יהודה
14068,68,בקעת אונו,חולון,עירוני,סדיר,תל אביב יפו/קרית אונו
15069,69,בקעת אונו,אונו,עירוני,סדיר,תל אביב יפו/רמת גן
23076,76,בקעת אונו,אונו,עירוני,סדיר,פתח תקווה/אור יהודה
33077,77,בקעת אונו,אונו,עירוני,סדיר,אור יהודה/פתח תקווה
17078,78,בקעת אונו,אונו,עירוני,סדיר,פתח תקווה/אור יהודה
37085,85,בקעת אונו,אלעד,עירוני,סדיר,פתח תקווה/שוהם
10137,137,בקעת אונו,אונו,עירוני,סדיר,תל אביב יפו/יהוד מונוסון
23056,56,בקעת אונו,חולון,עירוני,סדיר מאושר שבת,תל אביב יפו/יהוד מונוסון
13139,139,בקעת אונו,חולון,עירוני,סדיר,רמת גן/ראשון לציון
11168,168,בקעת אונו,אונו,עירוני,סדיר,תל אביב יפו/קרית אונו
10236,236,בקעת אונו,אונו,עירוני,סדיר,תל אביב יפו/אור יהודה
14256,256,בקעת אונו,אונו,עירוני,סדיר,גני תקווה/תל אביב יפו
16385,385,בקעת אונו,אלעד,עירוני,סדיר,פתח תקווה/שוהם
11398,398,בקעת אונו,אונו,עירוני,תלמידים,בית דגן/יהוד מונוסון
11436,436,בקעת אונו,אונו,עירוני,סדיר,בני ברק/חמד
37008,8,בקעת אונו,אונו,עירוני,סדיר,פתח תקווה/רמת גן
27001,1,שרון חולון מרחבי,שרון בינעירוני,מיניבוס,סדיר - מגזר מאושר שבת,טייבה/טייבה
58002,2,בקעת אונו,אונו,עירוני,סדיר,רמת גן/רמת גן
42010,10,בקעת אונו,אונו,עירוני,סדיר,רמת גן/רמת גן
24004,4,בקעת אונו,אלעד,עירוני,סדיר,אלעד/אלעד
69005,5,בקעת אונו,אלעד,עירוני,סדיר,אלעד/אלעד
47006,6,בקעת אונו,אלעד,עירוני,סדיר,אלעד/אלעד
15173,173,בקעת אונו,אלעד,בינעירוני,סדיר,אלעד/רמת גן
15174,174,בקעת אונו,אלעד,בינעירוני,סדיר,אלעד/לוד
11176,176,בקעת אונו,אלעד,בינעירוני,סדיר,אלעד/ראש העין
11179,179,בקעת אונו,אלעד,עירוני,סדיר,אלעד/פתח תקווה
12180,180,בקעת אונו,אלעד,בינעירוני,סדיר,אלעד/בני ברק
11251,251,בקעת אונו,אלעד,בינעירוני,סדיר,אלעד/אשדוד
12270,270,בקעת אונו,אלעד,בינעירוני,סדיר,אלעד/נתניה
13271,271,בקעת אונו,אלעד,בינעירוני,עונתי - בין הזמנים,אלעד/הרצליה
13275,275,בקעת אונו,אלעד,בינעירוני,עונתי - בין הזמנים,"אלעד/ת""א"
10276,276,בקעת אונו,אלעד,בינעירוני,סדיר,אלעד/ראש העין
10277,277,בקעת אונו,אלעד,בינעירוני,סדיר,אלעד/ירושלים
10278,278,בקעת אונו,אלעד,בינעירוני,סדיר,אלעד/תל אביב יפו
19279,279,בקעת אונו,אלעד,בינעירוני,סדיר,אלעד/פתח תקווה
11280,280,בקעת אונו,אלעד,בינעירוני,סדיר,אלעד/בני ברק
12281,281,בקעת אונו,אלעד,בינעירוני,סדיר,אלעד/מודיעין עילית
11283,283,בקעת אונו,אלעד,בינעירוני,סדיר,אלעד/אשדוד
11377,377,בקעת אונו,אלעד,בינעירוני,סדיר,אלעד/ירושלים
11379,379,בקעת אונו,אלעד,בינעירוני,סדיר,אלעד/תל אביב יפו
19380,380,בקעת אונו,אלעד,בינעירוני,סדיר,אלעד/בני ברק
11453,453,בקעת אונו,אלעד,בינעירוני,סדיר,אלעד/ירושלים
12477,477,בקעת אונו,אלעד,בינעירוני,סדיר,אלעד/ירושלים
11577,577,בקעת אונו,אלעד,בינעירוני,סדיר,אלעד/ירושלים
10590,590,בקעת אונו,אלעד,בינעירוני,סדיר,אלעד/צפת
10595,595,בקעת אונו,אלעד,בינעירוני,סדיר,אלעד/קרית מלאכי
10596,596,בקעת אונו,אלעד,בינעירוני,סדיר,אלעד/נתיבות
14597,597,בקעת אונו,אלעד,בינעירוני,סדיר,אלעד/קוממיות
10974,974,בקעת אונו,אלעד,בינעירוני,סדיר,אלעד/חיפה
14444,444,בקעת אונו,אלעד,בינעירוני,"סדיר - נתב""ג",רעננה/נמל תעופה בן גוריון
13445,445,בקעת אונו,אלעד,בינעירוני,"סדיר - נתב""ג",תל אביב יפו/נמל תעופה בן גוריון
12446,446,בקעת אונו,אלעד,בינעירוני,"סדיר - נתב""ג",פתח תקווה/נמל תעופה בן גוריון
11163,63,בקעת אונו,אלעד - לא ברישוי,בינעירוני,הסעת ישיבה- לא ברישוי,אלעד/אלעד
11165,65,בקעת אונו,אלעד - לא ברישוי,בינעירוני,הסעת ישיבה- לא ברישוי,אלעד/אלעד
61001,1,הנגב,"ב""ש",עירוני,סדיר,ערד/ערד
48002,2,הנגב,"ב""ש",עירוני,סדיר,ערד/ערד
78003,3,הנגב,"ב""ש",עירוני,סדיר,ערד/ערד
83005,5,הנגב,"ב""ש",עירוני,סדיר,ערערה בנגב/ערערה בנגב
27010,10,הנגב,"ב""ש",בינעירוני,סדיר,באר שבע/תל שבע
44011,11,הנגב,"ב""ש",עירוני,סדיר,ערד/ערד
43012,12,הנגב,"ב""ש",עירוני,סדיר,ערד/ערד
72015,15,הנגב,"ב""ש",בינעירוני,סדיר,באר שבע/תל שבע
24020,20,הנגב,"ב""ש",בינעירוני,סדיר,באר שבע/כסיפה
35021,21,הנגב,"ב""ש",בינעירוני,סדיר,באר שבע/דריג'את
19024,24,הנגב,"ב""ש",בינעירוני,סדיר,ערד/כסיפה
25025,25,הנגב,"ב""ש",בינעירוני,סדיר,ערד/כרמל
20026,26,הנגב,"ב""ש",בינעירוני,סדיר,באר שבע/אשכולות
22028,28,הנגב,"ב""ש",בינעירוני,סדיר,באר שבע/מיתר
21030,30,הנגב,"ב""ש",בינעירוני,סדיר,באר שבע/לקיה
26036,36,הנגב,"ב""ש",בינעירוני,סדיר,באר שבע/ביר הדאג'
17037,37,הנגב,"ב""ש",בינעירוני,סדיר,באר שבע/עומר
19044,44,הנגב,"ב""ש",בינעירוני,סדיר,באר שבע/ניצני סיני
21045,45,הנגב,"ב""ש",בינעירוני,סדיר,באר שבע/כפר רתמים
18046,46,הנגב,"ב""ש",בינעירוני,סדיר,באר שבע/באר שבע
23047,47,הנגב,"ב""ש",בינעירוני,סדיר,דימונה/ערד
19050,50,הנגב,"ב""ש",בינעירוני,סדיר,באר שבע/ערערה בנגב
19054,54,הנגב,"ב""ש",בינעירוני,סדיר,באר שבע/באר שבע
24055,55,הנגב,"ב""ש",בינעירוני,סדיר,מצפה רמון/דימונה
35056,56,הנגב,"ב""ש",בינעירוני,סדיר,קוממיות/אשדוד
16059,59,הנגב,"ב""ש",בינעירוני,סדיר,באר שבע/כסיפה
23060,60,הנגב,"ב""ש",בינעירוני,סדיר,באר שבע/מצפה רמון
20062,62,הנגב,"ב""ש",בינעירוני,סדיר,באר שבע/חורה
22064,64,הנגב,"ב""ש",בינעירוני,סדיר,באר שבע/מצפה רמון
18065,65,הנגב,"ב""ש",בינעירוני,סדיר,באר שבע/מצפה רמון
19066,66,הנגב,"ב""ש",בינעירוני,סדיר,דימונה/ערערה בנגב
16067,67,הנגב,"ב""ש",בינעירוני,סדיר,באר שבע/קסר א סיר
15068,68,הנגב,"ב""ש",בינעירוני,סדיר,באר שבע/רמת הנגב
24070,70,הנגב,"ב""ש",בינעירוני,סדיר,באר שבע/שגב שלום
31074,74,הנגב,"ב""ש",בינעירוני,תלמידים,רחובות/קרית גת
39080,80,הנגב,"ב""ש",עירוני,תלמידים,ערד/ערד
14117,117,הנגב,"ב""ש",בינעירוני,סדיר,באר שבע/כסיפה
12120,120,הנגב,"ב""ש",בינעירוני,סדיר,באר שבע/כסיפה
13126,126,הנגב,"ב""ש",בינעירוני נגיש,סדיר,באר שבע/א סייד
15137,137,הנגב,"ב""ש",בינעירוני,סדיר,באר שבע/עומר
20140,140,הנגב,"ב""ש",בינעירוני,סדיר,באר שבע/ניצני סיני
19142,142,הנגב,"ב""ש",בינעירוני,סדיר,באר שבע/רמת הנגב
12144,144,הנגב,"ב""ש",בינעירוני,סדיר,באר שבע/רמת הנגב
16145,145,הנגב,"ב""ש",בינעירוני,סדיר,שדרות/אשלים
20150,150,הנגב,"ב""ש",בינעירוני,סדיר,באר שבע/ירוחם
23151,151,הנגב,"ב""ש",בינעירוני,סדיר,באר שבע/ירוחם
16152,152,הנגב,"ב""ש",בינעירוני,סדיר,באר שבע/ירוחם
18153,153,הנגב,"ב""ש",בינעירוני,סדיר,באר שבע/מרחב עם
12158,158,הנגב,"ב""ש",בינעירוני,סדיר,באר שבע/רמת הנגב
14160,160,הנגב,"ב""ש",בינעירוני,סדיר,באר שבע/מצפה רמון
17163,163,הנגב,"ב""ש",בינעירוני,סדיר,באר שבע/רמת הנגב
14170,170,הנגב,"ב""ש",בינעירוני,סדיר,באר שבע/רמת הנגב
12262,262,הנגב,"ב""ש",בינעירוני נגיש,סדיר,באר שבע/חורה
18322,322,הנגב,"ב""ש",בינעירוני,סדיר,באר שבע/נתיבות
15342,342,הנגב,"ב""ש",בינעירוני,סדיר,שדרות/באר שבע
11343,343,הנגב,"ב""ש",בינעירוני,סדיר,שדרות/באר שבע
10345,345,הנגב,"ב""ש",בינעירוני,סדיר,תל אביב יפו/קרית מלאכי
21347,347,הנגב,"ב""ש",בינעירוני,סדיר,אשדוד/שדרות
12348,348,הנגב,"ב""ש",בינעירוני,סדיר,אשדוד/באר שבע
10352,352,הנגב,"ב""ש",בינעירוני,סדיר,אשדוד/דימונה
10353,353,הנגב,"ב""ש",בינעירוני,סדיר,תל אביב יפו/באר שבע
10357,357,הנגב,"ב""ש",בינעירוני,סדיר,מודיעין עילית/דימונה
10358,358,הנגב,"ב""ש",בינעירוני,סדיר,בני ברק/דימונה
10359,359,הנגב,"ב""ש",בינעירוני,סדיר,נתיבות/דימונה
11367,367,הנגב,"ב""ש",בינעירוני,סדיר,ראשון לציון/באר שבע
10368,368,הנגב,"ב""ש",בינעירוני,סדיר,אשדוד/באר שבע
10369,369,הנגב,"ב""ש",בינעירוני,סדיר,תל אביב יפו/באר שבע
11370,370,הנגב,"ב""ש",בינעירוני,סדיר,תל אביב יפו/באר שבע
13371,371,הנגב,"ב""ש",בינעירוני,סדיר,ראשון לציון/באר שבע
10373,373,הנגב,"ב""ש",בינעירוני,סדיר,רחובות/אופקים
10375,375,הנגב,"ב""ש",בינעירוני,סדיר,תל אביב יפו/קרית גת
10377,377,הנגב,"ב""ש",בינעירוני,סדיר,ראשון לציון/באר שבע
10378,378,הנגב,"ב""ש",בינעירוני,סדיר,תל אביב יפו/אופקים
11380,380,הנגב,"ב""ש",בינעירוני,סדיר,תל אביב יפו/באר שבע
12386,386,הנגב,"ב""ש",בינעירוני,סדיר,באר שבע/ערד
12387,387,הנגב,"ב""ש",בינעירוני,סדיר,באר שבע/ערד
10388,388,הנגב,"ב""ש",בינעירוני,סדיר,באר שבע/ערד
22400,400,הנגב,"ב""ש",בינעירוני,סדיר,להבים/תמר
14457,457,הנגב,"ב""ש",בינעירוני,סדיר,ירושלים/דימונה
10458,458,הנגב,"ב""ש",בינעירוני,סדיר,ירושלים/דימונה
12459,459,הנגב,"ב""ש",בינעירוני,סדיר,דימונה/בית שמש
10138,138,בקעת אונו,חולון,עירוני,סדיר,יהוד מונוסון/ראשון לציון
10559,559,הנגב,"ב""ש",בינעירוני,סדיר,ערד/בית שמש
11570,570,הנגב,"ב""ש",בינעירוני,סדיר,בני ברק/באר שבע
12587,587,הנגב,"ב""ש",בינעירוני,סדיר,שער הנגב/ירוחם
10588,588,הנגב,"ב""ש",בינעירוני,סדיר,שער הנגב/ערד
12589,589,הנגב,"ב""ש",בינעירוני,סדיר,תל שבע/שער הנגב
10660,660,הנגב,"ב""ש",בינעירוני,סדיר,תל אביב יפו/מצפה רמון
11669,669,הנגב,"ב""ש",בינעירוני,סדיר,רעננה/באר שבע
10682,682,הנגב,"ב""ש",בינעירוני נגיש,סדיר,באר טוביה/חורה
10684,684,הנגב,"ב""ש",בינעירוני,סדיר,באר טוביה/תל שבע
10687,687,הנגב,"ב""ש",בינעירוני,סדיר,שגב שלום/באר טוביה
10688,688,הנגב,"ב""ש",בינעירוני,סדיר,באר טוביה/ערד
10689,689,הנגב,"ב""ש",בינעירוני,סדיר,ערערה בנגב/באר טוביה
96002,2,שרון חולון מרחבי,שרון בינעירוני,בינעירוני,סדיר - מגזר,
92003,3,בקעת אונו,אונו,מיניבוס,סדיר,יהוד מונוסון/רמת גן
82003,3,שרון חולון מרחבי,שרון בינעירוני,מיניבוס,סדיר - מגזר מאושר שבת,טירה/טירה
46022,22,שרון חולון מרחבי,חולון,עירוני,סדיר,חולון/חולון
14026,26,שרון חולון מרחבי,חולון,עירוני,סדיר,חולון/תל אביב יפו
36035,35,שרון חולון מרחבי,חולון,עירוני,סדיר,רמת גן/חולון
36077,77,שרון חולון מרחבי,חולון,עירוני,סדיר,ראשון לציון/חולון
11126,126,שרון חולון מרחבי,חולון,עירוני,סדיר,חולון/תל אביב יפו
22006,6,שרון חולון מרחבי,500,מיניבוס,סדיר,תל אביב יפו/תל אביב יפו
24017,17,שרון,שרון עירוני,עירוני,סדיר,כפר סבא/בית ברל
20036,36,בקעת אונו,חולון,עירוני,סדיר מאושר שבת,תל אביב יפו/אור יהודה
33030,30,שרון,שרון עירוני,עירוני,סדיר,הוד השרון/הרצליה
16115,115,בקעת אונו,חולון,עירוני,סדיר,קרית אונו/תל אביב יפו
19205,205,בקעת אונו,חולון,עירוני,סדיר,יהוד מונוסון/תל אביב יפו
11230,230,שרון,500,עירוני,לילה,כפר סבא/תל אביב יפו
63004,4,שרון חולון מרחבי,שרון בינעירוני,מיניבוס,סדיר - מגזר מאושר שבת,טירה/טירה
27013,13,שרון חולון מרחבי,שרון בינעירוני,בינעירוני,סדיר - מגזר,כפר סבא/קלנסווה
25018,18,שרון,שרון בינעירוני,בינעירוני,סדיר,רעננה/סלעית
22020,20,שרון,שרון בינעירוני,בינעירוני,סדיר,כפר סבא/כפר סבא
43022,22,שרון,שרון בינעירוני,בינעירוני,סדיר,כפר סבא/נירית
27023,23,שרון חולון מרחבי,שרון בינעירוני,בינעירוני,סדיר - מגזר,בית ברל/קלנסווה
27037,37,שרון חולון מרחבי,שרון בינעירוני,בינעירוני,סדיר - מגזר,כפר סבא/כפר ברא
20067,67,שרון,שרון בינעירוני,בינעירוני,קווים מזינים,נירית/ראש העין
17113,113,שרון חולון מרחבי,שרון בינעירוני,בינעירוני,סדיר - מגזר,כפר סבא/באקה אל ע'רביה
11118,118,שרון,שרון בינעירוני,בינעירוני,סדיר,כפר סבא/צור יצחק
10600,600,שרון חולון מרחבי,נתניה,בינעירוני,סדיר,נתניה/תל אביב יפו
10601,601,שרון חולון מרחבי,נתניה,בינעירוני,סדיר,נתניה/תל אביב יפו
10602,602,שרון חולון מרחבי,נתניה,בינעירוני,סדיר,נתניה/תל אביב יפו
13603,603,שרון חולון מרחבי,נתניה,בינעירוני,סדיר,נתניה/תל אביב יפו
10604,604,שרון חולון מרחבי,נתניה,בינעירוני,סדיר,נתניה/תל אביב יפו
10605,605,שרון חולון מרחבי,נתניה,בינעירוני,סדיר,נתניה/תל אביב יפו
10606,606,שרון חולון מרחבי,נתניה,בינעירוני,סדיר,נתניה/תל אביב יפו
10607,607,שרון חולון מרחבי,נתניה,בינעירוני,סדיר,נתניה/תל אביב יפו
13608,608,שרון חולון מרחבי,נתניה,בינעירוני,סדיר,נתניה/תל אביב יפו
11609,609,שרון חולון מרחבי,נתניה,בינעירוני,סדיר,נתניה/רעננה
10610,610,שרון חולון מרחבי,נתניה,בינעירוני,סדיר,נתניה/כפר סבא
13611,611,שרון חולון מרחבי,נתניה,בינעירוני,סדיר,נתניה/תל אביב יפו
10612,612,שרון חולון מרחבי,נתניה,בינעירוני,סדיר - חרדים,נתניה/בני ברק
10613,613,שרון חולון מרחבי,נתניה,בינעירוני,סדיר - חרדים,נתניה/בני ברק
10614,614,שרון חולון מרחבי,נתניה,בינעירוני,סדיר - חרדים,נתניה/בני ברק
10615,615,שרון חולון מרחבי,נתניה,בינעירוני,סדיר,תל אביב יפו/נתניה
10616,616,שרון חולון מרחבי,נתניה,בינעירוני,סדיר,נתניה/פתח תקווה
10617,617,שרון חולון מרחבי,נתניה,בינעירוני,סדיר,נתניה/הרצליה
12619,619,שרון חולון מרחבי,נתניה,בינעירוני,סדיר,נתניה/רמת השרון
10621,621,שרון חולון מרחבי,נתניה,בינעירוני,סדיר,הרצליה/רמת גן
10623,623,שרון חולון מרחבי,נתניה,בינעירוני,סדיר,נתניה/תל אביב יפו
10624,624,שרון חולון מרחבי,נתניה,בינעירוני,סדיר - חרדים,נתניה/בית שמש
10650,650,שרון חולון מרחבי,נתניה,בינעירוני,סדיר,נתניה/תל אביב יפו
11231,231,שרון,500,עירוני,לילה,כפר סבא/תל אביב יפו
12123,123,שרון חולון מרחבי,שרון בינעירוני,בינעירוני,סדיר - מגזר,תל אביב יפו/קלנסווה
14124,124,שרון חולון מרחבי,שרון בינעירוני,בינעירוני,סדיר - מגזר,תל אביב יפו/טירה
15139,139,שרון,שרון בינעירוני,בינעירוני,סדיר,כוכב יאיר/הרצליה
12140,140,שרון חולון מרחבי,שרון בינעירוני,בינעירוני,סדיר - מגזר,קלנסווה/פתח תקווה
13142,142,שרון חולון מרחבי,שרון בינעירוני,בינעירוני,סדיר - מגזר,כוכב יאיר/פתח תקווה
12145,145,שרון חולון מרחבי,שרון בינעירוני,בינעירוני,סדיר - מגזר,כפר סבא/כפר קאסם
13147,147,שרון,שרון בינעירוני,בינעירוני,סדיר,רעננה/רמת השרון
17148,148,שרון,שרון בינעירוני,בינעירוני,סדיר,כפר סבא/תל אביב יפו
12149,149,שרון,שרון בינעירוני,בינעירוני,סדיר,כפר סבא/תל אביב יפו
12178,178,שרון חולון מרחבי,שרון בינעירוני,בינעירוני,סדיר,תל אביב יפו/חולון
15213,213,שרון חולון מרחבי,שרון בינעירוני,בינעירוני,סדיר - מגזר,הרצליה/קלנסווה
27222,222,שרון חולון מרחבי,שרון בינעירוני,בינעירוני,סדיר,כפר סבא/הרצליה
10232,232,שרון,שרון בינעירוני,בינעירוני,עונתי - סדיר,הוד השרון/הרצליה
14248,248,שרון,שרון בינעירוני,בינעירוני,סדיר,הוד השרון/תל אביב יפו
36013,13,שרון חולון מרחבי,חולון,מיניבוס,סדיר,תל אביב יפו/חולון
23012,12,שרון חולון מרחבי,500,עירוני,סדיר,תל אביב יפו/תל אביב יפו
34015,15,בקעת אונו,אונו,מיניבוס,סדיר,אור יהודה/קרית אונו
23070,70,שרון,שרון עירוני,עירוני,תלמידים,כפר סבא/כפר סבא
10259,259,שרון,שרון בינעירוני,בינעירוני,סדיר,כפר סבא/תל אביב יפו
14298,298,שרון חולון מרחבי,שרון בינעירוני,בינעירוני,סדיר - מגזר,בית ברל/אום אל פחם
21072,72,שרון,שרון עירוני,עירוני,תלמידים,כפר סבא/רעננה
19047,47,שרון,500,עירוני,סדיר,רעננה/תל אביב יפו
10347,347,שרון,שרון בינעירוני,בינעירוני,סדיר,רעננה/תל אביב יפו
35075,75,שרון,שרון עירוני,עירוני,תלמידים,גבעת ח''ן/רעננה
22077,77,שרון,שרון עירוני,עירוני,תלמידים,הוד השרון/הוד השרון
17079,79,שרון,שרון עירוני,עירוני,תלמידים,רעננה/רעננה
37082,82,שרון,שרון עירוני,עירוני,תלמידים,רעננה/רעננה
29084,84,שרון,שרון עירוני,עירוני,תלמידים,רעננה/רעננה
32085,85,שרון,שרון עירוני,עירוני,תלמידים,כפר סבא/כפר סבא
34083,83,שרון,שרון עירוני,עירוני,תלמידים,כפר סבא/הרצליה
29091,91,שרון,שרון עירוני,עירוני,תלמידים,כפר סבא/כפר סבא
44084,84,שרון,שרון עירוני,עירוני,תלמידים,הרצליה/הרצליה
40096,96,שרון,שרון עירוני,עירוני,תלמידים,רעננה/רעננה
28097,97,שרון,שרון עירוני,עירוני,תלמידים,רעננה/רעננה
25090,90,שרון,500,עירוני,סדיר,הרצליה/תל אביב יפו
23099,99,שרון,שרון עירוני,עירוני,תלמידים,רעננה/רעננה
40091,91,שרון,500,עירוני,סדיר,הרצליה/תל אביב יפו
31096,96,שרון,שרון עירוני,עירוני,תלמידים,הרצליה/הרצליה
42004,4,שרון,שרון עירוני,עירוני,סדיר,אלישמע/הוד השרון
77005,5,שרון,שרון עירוני,עירוני,סדיר,הוד השרון/הוד השרון
12349,349,שרון,שרון בינעירוני,בינעירוני,סדיר,כוכב יאיר/תל אביב יפו
12468,468,שרון חולון מרחבי,שרון בינעירוני,בינעירוני,סדיר - מגזר,קלנסווה/רמת גן
10504,504,שרון חולון מרחבי,שרון בינעירוני,בינעירוני,סדיר,רעננה/תל אביב יפו
11505,505,שרון חולון מרחבי,שרון בינעירוני,בינעירוני,סדיר,רעננה/רמת גן
10532,532,שרון חולון מרחבי,שרון בינעירוני,בינעירוני,סדיר,רמת השרון/תל אביב יפו
10551,551,שרון חולון מרחבי,שרון בינעירוני,בינעירוני,סדיר,הרצליה/פתח תקווה
10553,553,שרון חולון מרחבי,שרון בינעירוני,בינעירוני,סדיר,הרצליה/פתח תקווה
10564,564,שרון חולון מרחבי,שרון בינעירוני,בינעירוני,סדיר,כפר סבא/רמת גן
10567,567,שרון חולון מרחבי,שרון בינעירוני,בינעירוני,סדיר,כפר סבא/תל אביב יפו
10570,570,שרון חולון מרחבי,שרון בינעירוני,בינעירוני,סדיר,הוד השרון/תל אביב יפו
57001,1,שרון,שרון עירוני,עירוני,סדיר,כפר סבא/רעננה
60001,1,שרון,שרון עירוני,עירוני,סדיר,הוד השרון/הוד השרון
56001,1,שרון,שרון עירוני,עירוני,סדיר,רמת השרון/רמת השרון
46002,2,שרון,שרון עירוני,עירוני,סדיר,כפר סבא/כפר סבא
43003,3,שרון,שרון עירוני,עירוני,סדיר,כפר סבא/כפר סבא
33005,5,שרון,שרון עירוני,עירוני,סדיר,רעננה/חרוצים
42003,3,שרון,שרון עירוני,עירוני,סדיר,רעננה/הרצליה
28008,8,שרון,שרון עירוני,עירוני,סדיר,כפר סבא/כפר סבא
64009,9,שרון,שרון עירוני,עירוני,סדיר,הוד השרון/כפר סבא
26010,10,שרון,שרון עירוני,עירוני,סדיר,כפר סבא/רעננה
35011,11,שרון,שרון עירוני,עירוני,סדיר,הוד השרון/כפר סבא
50009,9,שרון,שרון עירוני,עירוני,סדיר,רעננה/הרצליה
69015,15,שרון,שרון עירוני,עירוני,סדיר,כפר סבא/רעננה
21019,19,שרון,שרון עירוני,עירוני,סדיר,כפר סבא/בית ברל
12469,469,הנגב,"ב""ש",בינעירוני,לילה,תל אביב יפו/באר שבע
27021,21,שרון,שרון עירוני,עירוני,סדיר,כפר סבא/כוכב יאיר
19029,29,שרון,שרון עירוני,עירוני,סדיר מאושר שבת,כפר סבא/הרצליה
20032,32,שרון,שרון עירוני,עירוני,סדיר,בית ברל/רמת השרון
48019,19,שרון,שרון עירוני,עירוני,סדיר,הרצליה/רעננה
16039,39,שרון,שרון עירוני,עירוני,סדיר,כפר סבא/הרצליה
26042,42,שרון,שרון עירוני,עירוני,סדיר,כפר סבא/פתח תקווה
18027,27,שרון,שרון עירוני,עירוני,סדיר,רמת השרון/הרצליה
33031,31,שרון,שרון עירוני,עירוני,סדיר,רעננה/הרצליה
26061,61,שרון,שרון עירוני,עירוני,תלמידים,כפר סבא/כפר סבא
27065,65,שרון,שרון עירוני,עירוני,קווים מזינים,הוד השרון/כפר סבא
30071,71,שרון,שרון עירוני,עירוני,תלמידים,רעננה/רעננה
18073,73,שרון,שרון עירוני,עירוני,תלמידים,הוד השרון/הוד השרון
22074,74,שרון,שרון עירוני,עירוני,תלמידים,הוד השרון/הוד השרון
20063,63,שרון,שרון עירוני,עירוני,תלמידים,רעננה/הרצליה
24075,75,שרון,שרון עירוני,עירוני,תלמידים,הוד השרון/הוד השרון
20076,76,שרון,שרון עירוני,עירוני,תלמידים,הוד השרון/הוד השרון
37076,76,שרון,שרון עירוני,עירוני,תלמידים,רעננה/רעננה
21077,77,שרון,שרון עירוני,עירוני,תלמידים,רעננה/רעננה
35078,78,שרון,שרון עירוני,עירוני,תלמידים,הוד השרון/הוד השרון
30084,84,שרון,שרון עירוני,עירוני,תלמידים,כפר סבא/כפר סבא
28086,86,שרון,שרון עירוני,עירוני,תלמידים,כפר סבא/כפר סבא
33088,88,שרון,שרון עירוני,עירוני,תלמידים,כפר סבא/כפר סבא
26090,90,שרון,שרון עירוני,עירוני,תלמידים,רעננה/רעננה
24095,95,שרון,שרון עירוני,עירוני,תלמידים,הוד השרון/הוד השרון
34081,81,שרון,שרון עירוני,עירוני,תלמידים,הרצליה/הרצליה
32096,96,שרון,שרון עירוני,עירוני,תלמידים,הוד השרון/הוד השרון
39082,82,שרון,שרון עירוני,עירוני,תלמידים,הרצליה/הרצליה
27097,97,שרון,שרון עירוני,עירוני,תלמידים,כפר סבא/כפר סבא
23098,98,שרון,שרון עירוני,עירוני,תלמידים,רעננה/רעננה
33085,85,שרון,שרון עירוני,עירוני,תלמידים,הרצליה/הרצליה
24099,99,שרון,שרון עירוני,עירוני,תלמידים,כפר סבא/כפר סבא
34087,87,שרון,שרון עירוני,עירוני,תלמידים,הרצליה/הרצליה
23088,88,שרון,שרון עירוני,עירוני,תלמידים,הרצליה/הרצליה
10228,228,שרון,שרון עירוני,עירוני,לילה,צור יצחק/הרצליה
11229,229,שרון,שרון עירוני,עירוני,לילה,כפר סבא/הרצליה
25089,89,שרון,שרון עירוני,עירוני,תלמידים,הרצליה/הרצליה
26092,92,שרון,שרון עירוני,עירוני,תלמידים,הרצליה/הרצליה
25094,94,שרון,שרון עירוני,עירוני,תלמידים,הרצליה/הרצליה
24089,89,שרון,שרון עירוני,עירוני,תלמידים,כפר סבא/כפר סבא
42099,99,שרון,שרון עירוני,עירוני,תלמידים,הרצליה/הרצליה
11699,699,שרון חולון מרחבי,נתניה,בינעירוני,לילה,נתניה/תל אביב יפו
12945,945,בקעת אונו,אלעד,בינעירוני,סדיר,אלעד/רכסים
10575,575,שרון חולון מרחבי,שרון בינעירוני,בינעירוני,סדיר,כפר סבא/תל אביב יפו
31075,75,בקעת אונו,אונו,עירוני,סדיר,גני תקווה/פתח תקווה
35034,34,שרון,שרון עירוני,עירוני,סדיר,רעננה/הרצליה
31033,33,שרון,שרון עירוני,עירוני,סדיר,הרצליה/הרצליה
16285,285,בקעת אונו,אלעד,בינעירוני,סדיר,אלעד/אשדוד
11599,599,בקעת אונו,אלעד,בינעירוני,סדיר,אלעד/אופקים
18163,163,בקעת אונו,אלעד,בינעירוני,סדיר,אלעד/בני ברק
11263,263,בקעת אונו,אלעד,בינעירוני,סדיר,אלעד/בני ברק
56012,12,שרון,שרון עירוני,עירוני,סדיר,כפר סבא/רעננה
40013,13,שרון,שרון עירוני,עירוני,סדיר,רעננה/רעננה
51014,14,שרון,שרון עירוני,עירוני,סדיר,רעננה/רעננה
45017,17,שרון,שרון עירוני,עירוני,סדיר,רעננה/רעננה
16112,112,שרון,שרון עירוני,עירוני,סדיר,הוד השרון/רעננה
11477,477,הנגב,"ב""ש",בינעירוני,סדיר,באר שבע_בית שמש
13372,372,הנגב,"ב""ש",בינעירוני,סדיר,קרית גת_פתח תקווה
19121,121,הנגב,"ב""ש",בינעירוני,סדיר,דריג'את_באר שבע
11581,581,הנגב,"ב""ש",בינעירוני,סדיר,
10576,576,שרון חולון מרחבי,שרון בינעירוני,בינעירוני,סדיר,כפר סבא/ראש העין
